{"SURVIVAL":{"inventoryContents":{"0":{"==":"org.bukkit.inventory.ItemStack","v":3700,"type":"LIGHT","amount":44},"1":{"==":"org.bukkit.inventory.ItemStack","v":3700,"type":"PINK_STAINED_GLASS"},"2":{"==":"org.bukkit.inventory.ItemStack","v":3700,"type":"BIRCH_STAIRS"}},"enderChestContents":{},"offHandItem":{"==":"org.bukkit.inventory.ItemStack","v":3700,"type":"AIR","amount":0},"potions":[],"armorContents":{},"stats":{"ex":"2.3620386","ma":"300","fl":"20","el":"0","hp":"20.0","xp":"0.0","txp":"0","ft":"-20","sa":"0.0","fd":"0.075444065","ra":"300"}}}