{"SURVIVAL":{"offHandItem":{"==":"org.bukkit.inventory.ItemStack","v":3700,"type":"AIR","amount":0},"enderChestContents":{},"armorContents":{},"inventoryContents":{"0":{"==":"org.bukkit.inventory.ItemStack","v":3700,"type":"STONE_SWORD"},"1":{"==":"org.bukkit.inventory.ItemStack","v":3700,"type":"STONE_SHOVEL"},"2":{"==":"org.bukkit.inventory.ItemStack","v":3700,"type":"STONE_PICKAXE"},"3":{"==":"org.bukkit.inventory.ItemStack","v":3700,"type":"STONE_AXE"}},"potions":[],"stats":{"ex":"0.08503547","ma":"300","fl":"20","el":"0","hp":"20.0","xp":"0.0","txp":"0","fd":"0.0","ft":"-20","sa":"0.0","ra":"300"}}}