{"stats":{"minecraft:used":{"minecraft:ender_pearl":19,"minecraft:diamond_sword":90},"minecraft:picked_up":{"minecraft:rotten_flesh":2,"minecraft:kelp":5},"minecraft:custom":{"minecraft:jump":130,"minecraft:time_since_rest":20411,"minecraft:leave_game":1,"minecraft:damage_dealt":28,"minecraft:crouch_one_cm":760,"minecraft:walk_on_water_one_cm":994,"minecraft:sprint_one_cm":12941,"minecraft:play_time":20411,"minecraft:damage_taken":10,"minecraft:time_since_death":20411,"minecraft:walk_one_cm":9187,"minecraft:sneak_time":1322,"minecraft:total_world_time":20411,"minecraft:walk_under_water_one_cm":2485,"minecraft:fall_one_cm":2065,"minecraft:fly_one_cm":737034}},"DataVersion":3700}