{"stat.pickup.minecraft.double_plant":1,"stat.walkOneCm":30154,"stat.pickup.minecraft.bone":4,"stat.craftItem.minecraft.sign":3,"stat.pickup.minecraft.gravel":3,"stat.leaveGame":1,"stat.pickup.minecraft.arrow":2,"stat.pickup.minecraft.crafting_table":1,"stat.craftItem.minecraft.crafting_table":2,"stat.mineBlock.minecraft.double_plant":1,"stat.pickup.minecraft.log":11,"stat.jump":369,"stat.swimOneCm":1060,"stat.fallOneCm":10008,"stat.pickup.minecraft.beef":4,"stat.useItem.minecraft.item_frame":1,"stat.crouchOneCm":546,"stat.pickup.minecraft.sapling":1,"stat.sprintOneCm":41308,"stat.useItem.minecraft.stone_slab2":8,"stat.craftItem.minecraft.stick":20,"stat.craftItem.minecraft.wooden_axe":1,"stat.craftingTableInteraction":4,"stat.pickup.minecraft.rotten_flesh":2,"stat.craftItem.minecraft.planks":44,"stat.damageTaken":205,"stat.pickup.minecraft.leather":4,"stat.mineBlock.minecraft.crafting_table":1,"stat.mineBlock.minecraft.red_flower":4,"stat.mobKills":5,"stat.mineBlock.minecraft.log":11,"stat.useItem.minecraft.beef":2,"stat.flyOneCm":55901,"stat.pickup.minecraft.wheat_seeds":1,"stat.mineBlock.minecraft.leaves":4,"stat.playOneMinute":13173,"stat.craftItem.minecraft.item_frame":2,"stat.mineBlock.minecraft.gravel":3,"stat.pickup.minecraft.red_flower":3,"stat.sneakTime":285,"stat.damageDealt":902,"stat.killEntity.Zombie":3,"stat.pickup.minecraft.item_frame":1,"stat.timeSinceDeath":13173,"stat.useItem.minecraft.wooden_axe":30,"stat.killEntity.Cow":2,"stat.useItem.minecraft.sign":2,"stat.mineBlock.minecraft.tallgrass":9,"stat.diveOneCm":92}