{"stats":{"minecraft:crafted":{"minecraft:furnace":1,"minecraft:stone_pickaxe":1,"minecraft:wheat":408,"minecraft:crafting_table":2,"minecraft:wooden_pickaxe":1,"minecraft:bucket":2,"minecraft:bread":156,"minecraft:air":0,"minecraft:jungle_planks":28,"minecraft:shield":1,"minecraft:stick":8,"minecraft:iron_ingot":8,"minecraft:iron_pickaxe":1},"minecraft:picked_up":{"minecraft:crafting_table":6,"minecraft:wheat":8,"minecraft:chicken":11,"minecraft:smithing_table":4,"minecraft:enchanted_book":6,"minecraft:shield":2,"minecraft:string":28,"minecraft:raw_copper":229,"minecraft:flint_and_steel":3,"minecraft:red_sand":1,"minecraft:poppy":1,"minecraft:iron_pickaxe":2,"minecraft:melon_slice":135,"minecraft:sugar_cane":5,"minecraft:egg":73,"minecraft:furnace":3,"minecraft:raw_iron":31,"minecraft:stick":16,"minecraft:sandstone":186,"minecraft:oak_door":1,"minecraft:torch":2,"minecraft:golden_axe":5,"minecraft:iron_horse_armor":3,"minecraft:stone_pressure_plate":1,"minecraft:tnt":10,"minecraft:stone_sword":5,"minecraft:arrow":1,"minecraft:rotten_flesh":4,"minecraft:hay_block":68,"minecraft:end_rod":5,"minecraft:gold_ingot":24,"minecraft:white_terracotta":1,"minecraft:mutton":8,"minecraft:emerald_ore":1,"minecraft:cobblestone":338,"minecraft:white_wool":1,"minecraft:oxeye_daisy":1,"minecraft:dune_armor_trim_smithing_template":6,"minecraft:feather":2,"minecraft:jungle_log":7,"minecraft:salmon":5,"minecraft:cut_sandstone":6,"minecraft:brown_wool":1,"minecraft:golden_leggings":3,"minecraft:potato":3,"minecraft:flint":16,"minecraft:gunpowder":16,"minecraft:dirt":706,"minecraft:orange_terracotta":1,"minecraft:bone":80,"minecraft:wheat_seeds":50,"minecraft:stone_pickaxe":3,"minecraft:iron_ingot":10,"minecraft:oak_planks":8,"minecraft:dandelion":3,"minecraft:lava_bucket":2,"minecraft:sand":1,"minecraft:jungle_planks":18,"minecraft:blast_furnace":2,"minecraft:white_bed":8,"minecraft:red_terracotta":2,"minecraft:spider_eye":2,"minecraft:bread":138,"minecraft:emerald":9,"minecraft:bricks":1,"minecraft:coal":279},"minecraft:killed_by":{"minecraft:player":1,"minecraft:creeper":1,"minecraft:enderman":1,"minecraft:warden":1,"minecraft:zombie":1},"minecraft:mined":{"minecraft:stone_pressure_plate":1,"minecraft:white_bed":2,"minecraft:granite":2,"minecraft:red_sand":1,"minecraft:grass_block":16,"minecraft:jungle_log":8,"minecraft:sandstone":18,"minecraft:hay_block":47,"minecraft:tall_seagrass":4,"minecraft:iron_ore":8,"minecraft:chiseled_sandstone":1,"minecraft:andesite":1,"minecraft:vine":4,"minecraft:oak_stairs":1,"minecraft:bamboo":1,"minecraft:azalea":1,"minecraft:stone":24,"minecraft:smithing_table":1,"minecraft:cut_sandstone":16,"minecraft:orange_terracotta":1,"minecraft:oak_fence":1,"minecraft:crafting_table":3,"minecraft:short_grass":126,"minecraft:blast_furnace":1,"minecraft:melon":11,"minecraft:dead_bush":1,"minecraft:copper_ore":28,"minecraft:tall_grass":4,"minecraft:cobblestone":2,"minecraft:sugar_cane":4,"minecraft:oak_planks":9,"minecraft:bricks":1,"minecraft:red_terracotta":2,"minecraft:tnt":10,"minecraft:sand":1,"minecraft:dirt":8,"minecraft:oak_leaves":5,"minecraft:fern":44},"minecraft:custom":{"minecraft:interact_with_smithing_table":1,"minecraft:mob_kills":18,"minecraft:animals_bred":11,"minecraft:interact_with_crafting_table":12,"minecraft:bell_ring":8,"minecraft:leave_game":3,"minecraft:time_since_death":2195,"minecraft:climb_one_cm":3292,"minecraft:sprint_one_cm":275953,"minecraft:walk_one_cm":202511,"minecraft:damage_blocked_by_shield":150,"minecraft:drop":27,"minecraft:play_time":86397,"minecraft:deaths":6,"minecraft:sneak_time":2436,"minecraft:walk_under_water_one_cm":5710,"minecraft:jump":2534,"minecraft:interact_with_brewingstand":1,"minecraft:interact_with_blast_furnace":1,"minecraft:walk_on_water_one_cm":5393,"minecraft:total_world_time":86397,"minecraft:interact_with_furnace":7,"minecraft:sleep_in_bed":1,"minecraft:time_since_rest":2232,"minecraft:damage_taken":3421,"minecraft:damage_dealt":3686,"minecraft:swim_one_cm":28154,"minecraft:fly_one_cm":635074,"minecraft:open_chest":11,"minecraft:crouch_one_cm":6312,"minecraft:fall_one_cm":81015},"minecraft:broken":{"minecraft:stone_pickaxe":1},"minecraft:killed":{"minecraft:witch":1,"minecraft:spider":2,"minecraft:skeleton":2,"minecraft:chicken":4,"minecraft:salmon":1,"minecraft:iron_golem":1,"minecraft:sheep":3,"minecraft:zombie":2,"minecraft:enderman":2},"minecraft:dropped":{"minecraft:wheat_seeds":4,"minecraft:feather":1,"minecraft:cobblestone":61,"minecraft:coal":8,"minecraft:oxeye_daisy":1,"minecraft:dirt":111,"minecraft:brown_wool":1,"minecraft:cut_sandstone":5,"minecraft:string":2,"minecraft:white_wool":1,"minecraft:dandelion":2,"minecraft:oak_door":1,"minecraft:bricks":1,"minecraft:sugar_cane":4,"minecraft:rotten_flesh":4,"minecraft:salmon":1,"minecraft:poppy":1,"minecraft:orange_terracotta":1,"minecraft:spider_eye":1,"minecraft:sandstone":64,"minecraft:arrow":1,"minecraft:red_sand":1},"minecraft:used":{"minecraft:stone_sword":90,"minecraft:flint_and_steel":9,"minecraft:shield":4,"minecraft:dirt":127,"minecraft:mutton":2,"minecraft:obsidian":4,"minecraft:furnace":2,"minecraft:egg":15,"minecraft:emerald_ore":1,"minecraft:stone_pickaxe":144,"minecraft:oak_planks":5,"minecraft:wooden_pickaxe":3,"minecraft:sand":1,"minecraft:tnt":58,"minecraft:crafting_table":6,"minecraft:bread":3,"minecraft:melon_slice":58,"minecraft:bucket":2}},"DataVersion":3700}