{"stats":{"minecraft:killed_by":{"minecraft:warden":1,"minecraft:player":1},"minecraft:killed":{"minecraft:witch":1,"minecraft:chicken":4,"minecraft:salmon":1},"minecraft:used":{"minecraft:emerald_ore":1,"minecraft:stone_sword":10,"minecraft:melon_slice":13,"minecraft:stone_pickaxe":56,"minecraft:oak_planks":5,"minecraft:wooden_pickaxe":3,"minecraft:sand":1,"minecraft:dirt":25,"minecraft:tnt":48,"minecraft:crafting_table":3,"minecraft:furnace":1,"minecraft:egg":14},"minecraft:crafted":{"minecraft:crafting_table":1,"minecraft:stick":8,"minecraft:wooden_pickaxe":1,"minecraft:stone_pickaxe":1,"minecraft:furnace":1,"minecraft:jungle_planks":28},"minecraft:picked_up":{"minecraft:stick":4,"minecraft:raw_iron":14,"minecraft:crafting_table":3,"minecraft:feather":2,"minecraft:chicken":4,"minecraft:jungle_log":7,"minecraft:salmon":3,"minecraft:dandelion":1,"minecraft:jungle_planks":8,"minecraft:sand":1,"minecraft:dirt":153,"minecraft:raw_copper":130,"minecraft:stone_sword":2,"minecraft:wheat_seeds":45,"minecraft:stone_pickaxe":1,"minecraft:end_rod":2,"minecraft:melon_slice":103,"minecraft:furnace":1,"minecraft:coal":73,"minecraft:oak_planks":6,"minecraft:cobblestone":85,"minecraft:emerald_ore":1,"minecraft:egg":24},"minecraft:custom":{"minecraft:time_since_rest":1172,"minecraft:interact_with_furnace":2,"minecraft:sprint_one_cm":102968,"minecraft:damage_taken":2129,"minecraft:walk_one_cm":109129,"minecraft:mob_kills":6,"minecraft:animals_bred":11,"minecraft:damage_dealt":603,"minecraft:swim_one_cm":6326,"minecraft:interact_with_crafting_table":7,"minecraft:fly_one_cm":245963,"minecraft:open_chest":5,"minecraft:crouch_one_cm":5580,"minecraft:play_time":39606,"minecraft:deaths":3,"minecraft:sneak_time":1811,"minecraft:walk_under_water_one_cm":2167,"minecraft:jump":817,"minecraft:leave_game":2,"minecraft:time_since_death":1152,"minecraft:walk_on_water_one_cm":1506,"minecraft:total_world_time":39606,"minecraft:climb_one_cm":1885,"minecraft:fall_one_cm":24061},"minecraft:mined":{"minecraft:tall_seagrass":1,"minecraft:iron_ore":7,"minecraft:crafting_table":2,"minecraft:short_grass":111,"minecraft:grass_block":13,"minecraft:melon":11,"minecraft:vine":3,"minecraft:jungle_log":8,"minecraft:sand":1,"minecraft:dirt":3,"minecraft:copper_ore":28,"minecraft:stone":24,"minecraft:oak_planks":6,"minecraft:oak_leaves":5,"minecraft:fern":43}},"DataVersion":3700}