{"stats":{"minecraft:mined":{"minecraft:tall_grass":2},"minecraft:used":{"minecraft:emerald_ore":2,"minecraft:trident":9,"minecraft:netherite_sword":43,"minecraft:leather_leggings":1,"minecraft:spruce_door":1,"minecraft:oak_planks":60,"minecraft:chest":2,"minecraft:stone":4,"minecraft:zombie_spawn_egg":1,"minecraft:calibrated_sculk_sensor":1,"minecraft:ancient_debris":1,"minecraft:dirt":1,"minecraft:sand":28,"minecraft:target":1,"minecraft:big_dripleaf":1,"minecraft:warden_spawn_egg":1,"minecraft:birch_door":1,"minecraft:light_blue_candle":5,"minecraft:light":43,"minecraft:birch_fence_gate":1,"minecraft:grass_block":61,"minecraft:chicken_spawn_egg":29,"minecraft:leather_helmet":2,"minecraft:cherry_leaves":8,"minecraft:fire_charge":4,"minecraft:egg":3,"minecraft:cherry_log":2,"minecraft:candle":4,"minecraft:smooth_stone":2,"minecraft:birch_stairs":7},"minecraft:dropped":{"minecraft:stone_axe":1,"minecraft:pink_stained_glass":3,"minecraft:birch_planks":2,"minecraft:wheat_seeds":3,"minecraft:stone_sword":1,"minecraft:cocoa_beans":12,"minecraft:emerald_ore":1,"minecraft:cobblestone":2,"minecraft:oak_planks":1,"minecraft:leather_helmet":7,"minecraft:light":1,"minecraft:end_rod":3,"minecraft:dirt":15,"minecraft:potato":4,"minecraft:melon_slice":16,"minecraft:birch_door":3,"minecraft:leather_leggings":1,"minecraft:bubble_coral_block":1,"minecraft:wooden_pickaxe":1,"minecraft:birch_log":9,"minecraft:oak_leaves":1,"minecraft:egg":1},"minecraft:custom":{"minecraft:mob_kills":35,"minecraft:interact_with_crafting_table":1,"minecraft:leave_game":21,"minecraft:time_since_death":275410,"minecraft:climb_one_cm":644,"minecraft:time_since_rest":275435,"minecraft:sprint_one_cm":168644,"minecraft:damage_taken":390,"minecraft:walk_one_cm":187843,"minecraft:drop":43,"minecraft:damage_dealt":6263,"minecraft:fly_one_cm":1470054,"minecraft:player_kills":1,"minecraft:open_chest":2,"minecraft:crouch_one_cm":1891,"minecraft:play_time":577743,"minecraft:deaths":3,"minecraft:sneak_time":1392,"minecraft:walk_under_water_one_cm":3971,"minecraft:jump":1268,"minecraft:walk_on_water_one_cm":2528,"minecraft:total_world_time":577743,"minecraft:fall_one_cm":21322},"minecraft:killed":{"minecraft:pig":1,"minecraft:creeper":4,"minecraft:sheep":1,"minecraft:skeleton":2,"minecraft:pillager":3,"minecraft:zombie":3,"minecraft:chicken":20,"minecraft:warden":1},"minecraft:picked_up":{"minecraft:wooden_axe":1,"minecraft:birch_log":18,"minecraft:cocoa_beans":12,"minecraft:birch_door":6,"minecraft:feather":17,"minecraft:chicken":17,"minecraft:leather_leggings":1,"minecraft:wooden_pickaxe":2,"minecraft:potato":4,"minecraft:birch_planks":4,"minecraft:light":1,"minecraft:dirt":61,"minecraft:white_banner":1,"minecraft:wheat_seeds":13,"minecraft:smooth_stone":1,"minecraft:melon_slice":29,"minecraft:oak_planks":33,"minecraft:egg":49,"minecraft:sculk_catalyst":1,"minecraft:pink_stained_glass":2,"minecraft:stick":4,"minecraft:fire_charge":1,"minecraft:porkchop":4,"minecraft:trident":1,"minecraft:grass_block":1,"minecraft:stone_sword":2,"minecraft:stone_axe":2,"minecraft:end_rod":2,"minecraft:emerald_ore":1,"minecraft:white_wool":1,"minecraft:bubble_coral_block":1,"minecraft:mutton":1,"minecraft:oak_leaves":2,"minecraft:cobblestone":4}},"DataVersion":3700}