{"stats":{"minecraft:killed":{"minecraft:zombie":1},"minecraft:dropped":{"minecraft:stone_axe":1,"minecraft:dirt":14,"minecraft:potato":4,"minecraft:pink_stained_glass":3,"minecraft:birch_planks":2,"minecraft:wheat_seeds":3,"minecraft:stone_sword":1,"minecraft:melon_slice":16,"minecraft:birch_door":3,"minecraft:cobblestone":2,"minecraft:bubble_coral_block":1,"minecraft:oak_planks":1,"minecraft:wooden_pickaxe":1,"minecraft:birch_log":9,"minecraft:oak_leaves":1,"minecraft:egg":1,"minecraft:light":1},"minecraft:picked_up":{"minecraft:birch_log":18,"minecraft:pink_stained_glass":2,"minecraft:chicken":1,"minecraft:birch_door":6,"minecraft:wooden_pickaxe":2,"minecraft:potato":4,"minecraft:birch_planks":4,"minecraft:porkchop":4,"minecraft:light":1,"minecraft:grass_block":1,"minecraft:dirt":28,"minecraft:stone_sword":2,"minecraft:stone_axe":2,"minecraft:wheat_seeds":12,"minecraft:smooth_stone":1,"minecraft:mutton":1,"minecraft:white_wool":1,"minecraft:melon_slice":29,"minecraft:bubble_coral_block":1,"minecraft:oak_planks":7,"minecraft:oak_leaves":2,"minecraft:cobblestone":4,"minecraft:egg":4},"minecraft:custom":{"minecraft:time_since_rest":112071,"minecraft:sprint_one_cm":88710,"minecraft:damage_taken":250,"minecraft:walk_one_cm":98868,"minecraft:mob_kills":1,"minecraft:drop":23,"minecraft:damage_dealt":138,"minecraft:interact_with_crafting_table":1,"minecraft:fly_one_cm":558806,"minecraft:open_chest":1,"minecraft:crouch_one_cm":1631,"minecraft:play_time":218133,"minecraft:deaths":1,"minecraft:sneak_time":1059,"minecraft:walk_under_water_one_cm":3971,"minecraft:jump":605,"minecraft:leave_game":7,"minecraft:time_since_death":112039,"minecraft:walk_on_water_one_cm":2498,"minecraft:total_world_time":218133,"minecraft:climb_one_cm":198,"minecraft:fall_one_cm":14124},"minecraft:used":{"minecraft:big_dripleaf":1,"minecraft:light_blue_candle":5,"minecraft:light":43,"minecraft:birch_fence_gate":1,"minecraft:spruce_door":1,"minecraft:grass_block":49,"minecraft:oak_planks":38,"minecraft:chicken_spawn_egg":4,"minecraft:chest":2,"minecraft:stone":4,"minecraft:zombie_spawn_egg":1,"minecraft:cherry_leaves":8,"minecraft:calibrated_sculk_sensor":1,"minecraft:fire_charge":1,"minecraft:target":1,"minecraft:egg":1,"minecraft:cherry_log":2,"minecraft:smooth_stone":1,"minecraft:candle":4,"minecraft:birch_stairs":7}},"DataVersion":3700}