{"stats":{"minecraft:killed":{"minecraft:pig":1,"minecraft:creeper":4,"minecraft:sheep":1,"minecraft:skeleton":2,"minecraft:pillager":3,"minecraft:zombie":3,"minecraft:chicken":3,"minecraft:warden":1},"minecraft:used":{"minecraft:emerald_ore":1,"minecraft:trident":8,"minecraft:netherite_sword":27,"minecraft:spruce_door":1,"minecraft:oak_planks":40,"minecraft:chest":2,"minecraft:stone":4,"minecraft:zombie_spawn_egg":1,"minecraft:calibrated_sculk_sensor":1,"minecraft:ancient_debris":1,"minecraft:sand":28,"minecraft:target":1,"minecraft:warden_spawn_egg":1,"minecraft:big_dripleaf":1,"minecraft:light_blue_candle":5,"minecraft:light":43,"minecraft:birch_fence_gate":1,"minecraft:grass_block":49,"minecraft:chicken_spawn_egg":27,"minecraft:cherry_leaves":8,"minecraft:fire_charge":4,"minecraft:egg":3,"minecraft:cherry_log":2,"minecraft:smooth_stone":2,"minecraft:candle":4,"minecraft:birch_stairs":7},"minecraft:dropped":{"minecraft:stone_axe":1,"minecraft:pink_stained_glass":3,"minecraft:birch_planks":2,"minecraft:wheat_seeds":3,"minecraft:stone_sword":1,"minecraft:cocoa_beans":12,"minecraft:emerald_ore":1,"minecraft:cobblestone":2,"minecraft:oak_planks":1,"minecraft:light":1,"minecraft:end_rod":3,"minecraft:dirt":15,"minecraft:potato":4,"minecraft:melon_slice":16,"minecraft:birch_door":3,"minecraft:bubble_coral_block":1,"minecraft:wooden_pickaxe":1,"minecraft:birch_log":9,"minecraft:oak_leaves":1,"minecraft:egg":1},"minecraft:picked_up":{"minecraft:wooden_axe":1,"minecraft:birch_log":18,"minecraft:cocoa_beans":12,"minecraft:birch_door":6,"minecraft:feather":1,"minecraft:chicken":3,"minecraft:wooden_pickaxe":2,"minecraft:potato":4,"minecraft:birch_planks":4,"minecraft:light":1,"minecraft:dirt":61,"minecraft:white_banner":1,"minecraft:wheat_seeds":13,"minecraft:smooth_stone":1,"minecraft:melon_slice":29,"minecraft:oak_planks":33,"minecraft:egg":49,"minecraft:sculk_catalyst":1,"minecraft:pink_stained_glass":2,"minecraft:fire_charge":1,"minecraft:porkchop":4,"minecraft:trident":1,"minecraft:grass_block":1,"minecraft:stone_sword":2,"minecraft:stone_axe":2,"minecraft:end_rod":2,"minecraft:emerald_ore":1,"minecraft:cobblestone":4,"minecraft:bubble_coral_block":1,"minecraft:mutton":1,"minecraft:white_wool":1,"minecraft:oak_leaves":2},"minecraft:custom":{"minecraft:mob_kills":18,"minecraft:interact_with_crafting_table":1,"minecraft:leave_game":12,"minecraft:time_since_death":1170,"minecraft:climb_one_cm":536,"minecraft:time_since_rest":1190,"minecraft:sprint_one_cm":141482,"minecraft:walk_one_cm":163570,"minecraft:damage_taken":370,"minecraft:drop":35,"minecraft:damage_dealt":5774,"minecraft:fly_one_cm":1094276,"minecraft:player_kills":1,"minecraft:open_chest":2,"minecraft:crouch_one_cm":1667,"minecraft:play_time":295085,"minecraft:deaths":2,"minecraft:sneak_time":1174,"minecraft:walk_under_water_one_cm":3971,"minecraft:jump":1068,"minecraft:walk_on_water_one_cm":2528,"minecraft:total_world_time":295085,"minecraft:fall_one_cm":16715}},"DataVersion":3700}