{"stats":{"minecraft:used":{"minecraft:carrot":1},"minecraft:killed_by":{"minecraft:pillager":1},"minecraft:custom":{"minecraft:jump":308,"minecraft:open_chest":2,"minecraft:time_since_rest":40782,"minecraft:leave_game":1,"minecraft:damage_dealt":75,"minecraft:crouch_one_cm":41,"minecraft:deaths":1,"minecraft:sprint_one_cm":28486,"minecraft:play_time":44614,"minecraft:damage_taken":300,"minecraft:time_since_death":40762,"minecraft:walk_one_cm":13514,"minecraft:sneak_time":22,"minecraft:total_world_time":44614,"minecraft:fall_one_cm":6576,"minecraft:fly_one_cm":285778}},"DataVersion":3700}