{"stats":{"minecraft:killed":{"minecraft:ender_dragon":1,"minecraft:zombie":1},"minecraft:used":{"minecraft:rotten_flesh":1,"minecraft:ender_eye":12,"minecraft:diamond_sword":39,"minecraft:bow":51,"minecraft:flint_and_steel":1,"minecraft:nether_bricks":16,"minecraft:ender_pearl":13,"minecraft:end_portal_frame":14,"minecraft:obsidian":26},"minecraft:picked_up":{"minecraft:rotten_flesh":2,"minecraft:kelp":5,"minecraft:brown_mushroom":1,"minecraft:chorus_fruit":21},"minecraft:custom":{"minecraft:time_since_rest":19794,"minecraft:open_chest":3,"minecraft:crouch_one_cm":268,"minecraft:play_time":28579,"minecraft:sprint_one_cm":12155,"minecraft:deaths":1,"minecraft:damage_taken":260,"minecraft:walk_one_cm":14279,"minecraft:sneak_time":631,"minecraft:walk_under_water_one_cm":31011,"minecraft:mob_kills":2,"minecraft:drop":4,"minecraft:jump":150,"minecraft:damage_dealt":30,"minecraft:leave_game":2,"minecraft:walk_on_water_one_cm":910,"minecraft:time_since_death":19617,"minecraft:total_world_time":28579,"minecraft:swim_one_cm":1866,"minecraft:fall_one_cm":1312,"minecraft:fly_one_cm":544259},"minecraft:dropped":{"minecraft:kelp":1,"minecraft:brown_mushroom":2,"minecraft:ender_pearl":1,"minecraft:flint_and_steel":1},"minecraft:killed_by":{"minecraft:piglin":1}},"DataVersion":3700}