{"stats":{"minecraft:killed":{"minecraft:sheep":1,"minecraft:pig":3,"minecraft:chicken":1},"minecraft:crafted":{"minecraft:wooden_sword":1,"minecraft:oak_planks":132,"minecraft:crafting_table":2,"minecraft:stick":8,"minecraft:wooden_pickaxe":1,"minecraft:stone_pickaxe":1,"minecraft:stone_sword":1,"minecraft:birch_door":3,"minecraft:birch_planks":8,"minecraft:stone_axe":1},"minecraft:picked_up":{"minecraft:birch_log":19,"minecraft:pink_stained_glass":3,"minecraft:stick":2,"minecraft:birch_door":6,"minecraft:chicken":1,"minecraft:wooden_pickaxe":1,"minecraft:birch_planks":2,"minecraft:porkchop":4,"minecraft:oak_log":33,"minecraft:dirt":32,"minecraft:stripped_birch_log":1,"minecraft:stone_sword":1,"minecraft:arrow":1,"minecraft:apple":2,"minecraft:stone_axe":1,"minecraft:wheat_seeds":12,"minecraft:oak_sapling":1,"minecraft:melon_slice":36,"minecraft:mutton":1,"minecraft:oak_planks":12,"minecraft:oak_leaves":1,"minecraft:white_wool":1,"minecraft:cobblestone":12,"minecraft:egg":2},"minecraft:killed_by":{"minecraft:creeper":1,"minecraft:zombie":2},"minecraft:mined":{"minecraft:birch_log":10,"minecraft:stripped_birch_log":1,"minecraft:birch_leaves":4,"minecraft:birch_door":3,"minecraft:short_grass":75,"minecraft:grass_block":18,"minecraft:oak_log":33,"minecraft:melon":5,"minecraft:vine":2,"minecraft:pink_stained_glass":1,"minecraft:stone":10,"minecraft:oak_planks":13,"minecraft:oak_leaves":9,"minecraft:fern":35},"minecraft:custom":{"minecraft:time_since_rest":29547,"minecraft:sprint_one_cm":123232,"minecraft:damage_taken":1019,"minecraft:walk_one_cm":115213,"minecraft:mob_kills":5,"minecraft:damage_dealt":513,"minecraft:swim_one_cm":22701,"minecraft:interact_with_crafting_table":3,"minecraft:fly_one_cm":394926,"minecraft:open_chest":1,"minecraft:crouch_one_cm":1744,"minecraft:play_time":124100,"minecraft:deaths":3,"minecraft:sneak_time":698,"minecraft:walk_under_water_one_cm":1635,"minecraft:jump":1719,"minecraft:leave_game":2,"minecraft:time_since_death":29478,"minecraft:walk_on_water_one_cm":9462,"minecraft:climb_one_cm":1377,"minecraft:total_world_time":124100,"minecraft:fall_one_cm":69806},"minecraft:used":{"minecraft:birch_door":3,"minecraft:stone_sword":108,"minecraft:apple":2,"minecraft:melon_slice":7,"minecraft:oak_planks":122,"minecraft:wooden_pickaxe":11,"minecraft:stone":3,"minecraft:stone_axe":65,"minecraft:dirt":1,"minecraft:crafting_table":2,"minecraft:pink_stained_glass":1}},"DataVersion":3700}