{"SURVIVAL":{"enderChestContents":{},"offHandItem":{"==":"org.bukkit.inventory.ItemStack","v":3700,"type":"AIR","amount":0},"inventoryContents":{"0":{"==":"org.bukkit.inventory.ItemStack","v":3700,"type":"LEATHER_LEGGINGS","meta":{"==":"ItemMeta","meta-type":"COLORABLE_ARMOR","enchants":{"DURABILITY":1}}},"1":{"==":"org.bukkit.inventory.ItemStack","v":3700,"type":"STICK","amount":4}},"armorContents":{},"potions":[],"stats":{"ex":"2.4870002","ma":"300","fl":"20","el":"0","xp":"0.0","hp":"20.0","txp":"0","sa":"5.0","fd":"0.0","ft":"-20","ra":"300"}}}