{"SURVIVAL":{"offHandItem":{"==":"org.bukkit.inventory.ItemStack","v":3700,"type":"AIR","amount":0},"inventoryContents":{"0":{"==":"org.bukkit.inventory.ItemStack","v":3700,"type":"PINK_STAINED_GLASS","meta":{"==":"ItemMeta","meta-type":"UNSPECIFIC","display-name":"{\"text\":\"\",\"extra\":[\"YayaCasco\"]}","enchants":{"PROTECTION_EXPLOSIONS":5,"PROTECTION_FIRE":5,"PROTECTION_PROJECTILE":5,"PROTECTION_ENVIRONMENTAL":5,"THORNS":5}}},"1":{"==":"org.bukkit.inventory.ItemStack","v":3700,"type":"EGG"}},"enderChestContents":{},"armorContents":{},"potions":[],"stats":{"ex":"0.6730009","ma":"300","fl":"16","el":"0","xp":"0.0","hp":"19.0","txp":"0","fd":"0.0","ft":"-20","sa":"0.0","ra":"300"}}}